{
	"weights": [
		-7.248034018208242e-17, -2.463256120241585e-16, -5.645309781812525e-16,
		-5.91136448653485e-15, -7.433488348672156e-16, 0, 0, 0, 0, 0, 0, 0, 0, 0,
		-8.389412882976672e-17, -1.772579685546014e-17, 6.219289303132143e-17,
		-8.496394725343046e-17, 2.1105941688473336e-16
	],
	"bias": -2.178135686267442
}
