{
  "mean": [
    0.043561576948898485,
    0.09590071917827953,
    0.018617999494190532,
    0.9424735314137457,
    1263470.1360269364,
    0.0,
    0.0,
    0.0,
    0.0,
    0.0,
    0.0,
    0.0,
    0.0,
    0.0,
    8.12765156846671,
    1.7528360565319967,
    15.0,
    -0.9370290739434566,
    -0.7991775608559273,
    -0.11,
    -0.16,
    2.94,
    0.9499999999999998,
    4.1,
    0.0,
    0.0,
    0.0,
    0.0,
    0.7049345417925541,
    0.0,
    0.0,
    0.0,
    0.0,
    1.0
  ],
  "std": [
    0.04067266246579622,
    0.10218872352033286,
    0.22814821194136548,
    0.15838828357510082,
    3102745.59677166,
    1.0,
    1.0,
    1.0,
    1.0,
    1.0,
    1.0,
    1.0,
    1.0,
    1.0,
    18.356172333858666,
    22.45407433448926,
    1.0,
    1.0,
    1.0,
    1.0,
    1.0,
    1.0,
    1.1102230246251565e-16,
    1.0,
    1.0,
    1.0,
    1.0,
    1.0,
    1.0,
    1.0,
    1.0,
    1.0,
    1.0,
    1.0
  ]
}