{
  "test_start": "2025-09-08T22:20:08.779247",
  "mcp_performance": {
    "response_times": {
      "individual_times": [
        4.052850246429443,
        0.0020308494567871094,
        0.0012760162353515625,
        0.0011878013610839844,
        0.001180887222290039
      ],
      "average_ms": 811.7051601409912,
      "median_ms": 1.2760162353515625,
      "min_ms": 1.180887222290039,
      "max_ms": 4052.8502464294434,
      "success_rate": 100.0
    },
    "network_overhead": {
      "network_latency_ms": 0,
      "ssl_handshake_ms": 0,
      "dns_lookup_ms": 0,
      "connection_establishment_ms": 0,
      "data_transfer_size_bytes": 0,
      "compression_overhead": 0
    },
    "concurrent": {
      "total_duration_ms": 6.019115447998047,
      "requests_per_second": 1661.3736829596767,
      "success_rate": 100.0,
      "average_request_time_ms": 0.6019115447998047
    },
    "data_processing": {
      "total_processing_time_ms": 0.9169578552246094,
      "serialization_time_ms": 0,
      "data_size_bytes": 77,
      "processing_efficiency": "direct_python_objects"
    },
    "error_recovery": {
      "average_error_recovery_ms": 0,
      "error_handling": "local_exception_handling"
    }
  },
  "api_performance": {
    "response_times": {
      "individual_times": [
        0.0007219314575195312,
        0.0009779930114746094,
        0.0009479522705078125,
        0.0009179115295410156,
        0.0009059906005859375
      ],
      "average_ms": 0.8943557739257812,
      "median_ms": 0.9179115295410156,
      "min_ms": 0.7219314575195312,
      "max_ms": 0.9779930114746094,
      "success_rate": 100.0
    },
    "network_overhead": {
      "network_latency_ms": 50,
      "ssl_handshake_ms": 100,
      "dns_lookup_ms": 20,
      "connection_establishment_ms": 30,
      "data_transfer_size_bytes": 1024,
      "compression_overhead": 10
    },
    "concurrent": {
      "total_duration_ms": 1.5265941619873047,
      "requests_per_second": 6550.529439325316,
      "success_rate": 0.0,
      "average_request_time_ms": 0.15265941619873047
    },
    "data_processing": {
      "total_processing_time_ms": 0.8780956268310547,
      "serialization_time_ms": 0,
      "data_size_bytes": 0,
      "processing_efficiency": "json_serialization"
    },
    "error_recovery": {
      "average_error_recovery_ms": 3763.0898157755532,
      "error_handling": "network_timeout_retry"
    }
  },
  "comparison_metrics": {},
  "efficiency_gains": {
    "response_time_improvement_percent": -90658.64256771166,
    "network_overhead_eliminated": {
      "latency_eliminated_ms": 50,
      "ssl_overhead_eliminated_ms": 100,
      "data_transfer_eliminated_bytes": 1024
    },
    "throughput_improvement_percent": -74.6375663471441,
    "error_recovery_improvement_percent": 100.0,
    "overall_assessment": {
      "mcp_advantages": [
        "Zero network latency",
        "No serialization overhead",
        "Direct Python object access",
        "Local error handling",
        "No external dependencies"
      ],
      "api_disadvantages": [
        "Network latency and jitter",
        "SSL/TLS handshake overhead",
        "JSON serialization/deserialization",
        "Connection establishment time",
        "Network error recovery delays"
      ]
    }
  },
  "test_end": "2025-09-08T22:20:27.433152"
}