{
  "mean": [
    1.0080993110391312,
    0.02,
    -112593.16709956637,
    0.9832332266002769,
    -169302.0385281357,
    0.0,
    51.93816238251315,
    0.05535982713672947,
    0.05535982713672947,
    0.5253681619768577,
    54.74098997874809,
    25.0,
    4.8967129981885655,
    0.002165106136776415,
    0.006719247885884599,
    -45.259010021251896,
    0.0024021549075065028,
    0.0038308913762106498,
    0.007216202974641157,
    -0.0014287364687041464,
    -0.000423987854820672,
    0.022342565515465762,
    -0.000423987854820672,
    0.04367786334313526,
    1.0,
    0.0,
    0.0,
    0.0,
    0.0,
    0.0,
    0.0,
    0.0,
    0.0,
    0.0,
    0.0,
    0.0,
    0.0,
    0.0,
    0.0,
    0.0,
    0.0,
    15.0,
    0.7000000000000002,
    0.09976485714285716,
    0.10465928571428569,
    0.10465928571428569,
    -0.10308842857142855,
    9.152857142857142
  ],
  "std": [
    0.23963218906233075,
    0.13999999999999999,
    2742697.689155561,
    0.3247927875731292,
    6408879.896023111,
    1.0,
    17.16300679074984,
    1.1344420263982158,
    1.1344420263982158,
    0.3232890246144837,
    32.15626704161735,
    1.0,
    1.999779934562567,
    0.03464566013142201,
    0.062317222625265886,
    32.15626704161735,
    0.03872429147368011,
    0.05396340423994811,
    0.07024045959301277,
    0.039837171371109065,
    0.012037390903474094,
    0.011117034152398729,
    0.012037390903474094,
    0.0641203008939962,
    1.0,
    1.0,
    1.0,
    1.0,
    1.0,
    1.0,
    1.0,
    1.0,
    1.0,
    1.0,
    1.0,
    1.0,
    1.0,
    1.0,
    1.0,
    1.0,
    1.0,
    1.0,
    1.0,
    0.25650705770152576,
    0.23322697029056988,
    0.23322697029056988,
    0.39222159599657697,
    1.9348843766541732
  ],
  "feature_names": [
    "volume_ratio_5d",
    "volume_spike",
    "volume_trend_10d",
    "relative_volume",
    "volume_acceleration",
    "dark_pool_ratio",
    "rsi_14",
    "macd_signal",
    "macd_histogram",
    "bollinger_position",
    "stochastic_k",
    "adx_14",
    "atr_14",
    "ema_20_distance",
    "sma_50_distance",
    "williams_r",
    "price_momentum_5d",
    "price_momentum_10d",
    "price_momentum_20d",
    "price_acceleration",
    "gap_percent",
    "intraday_volatility",
    "overnight_return",
    "week_high_distance",
    "put_call_ratio",
    "put_call_ratio_change",
    "unusual_options_activity",
    "options_iv_rank",
    "gamma_exposure",
    "max_pain_distance",
    "options_volume_ratio",
    "institutional_net_flow",
    "block_trade_volume",
    "insider_buying_ratio",
    "ownership_change_30d",
    "news_sentiment_delta",
    "social_momentum",
    "analyst_target_distance",
    "earnings_surprise_impact",
    "sector_momentum_5d",
    "spy_momentum_5d",
    "vix_level",
    "correlation_to_spy_20d",
    "news_sentiment_24h",
    "news_sentiment_7d",
    "news_sentiment_30d",
    "news_sentiment_momentum",
    "news_volume_24h"
  ]
}