{
  "model_name": "ProsusAI/finbert",
  "version": "1.2.0",
  "improvements": [
    "Increased epochs from 3 to 5",
    "Increased learning rate from 2e-5 to 3e-5",
    "Added class weighting for imbalance (CRITICAL FIX)",
    "No filtering - use all 1680 training examples"
  ],
  "training_date": "2025-10-08T21:36:00.287980",
  "training_duration_hours": 0.15,
  "num_train_examples": 1680,
  "num_val_examples": 360,
  "class_weights": {
    "BEARISH": 2.231075697211155,
    "NEUTRAL": 0.49733570159857904,
    "BULLISH": 1.8481848184818481
  },
  "hyperparameters": {
    "epochs": 5,
    "batch_size": 16,
    "learning_rate": 3e-05,
    "max_length": 512
  },
  "validation_metrics": {
    "accuracy": 0.46944444444444444,
    "f1_score": 0.4961836478456527,
    "precision": 0.5368458085124753,
    "recall": 0.46944444444444444,
    "bearish_f1": 0.18333333333333332,
    "neutral_f1": 0.6376146788990825,
    "bullish_f1": 0.23170731707317074
  },
  "label_mapping": {
    "0": "BEARISH",
    "1": "NEUTRAL",
    "2": "BULLISH"
  }
}