{
  "mean": [
    0.29999999999999993,
    10000.0,
    20000.0,
    -10000.0,
    0.0,
    0.0,
    0.0,
    0.4,
    0.7,
    0.0,
    5.0,
    3.0,
    0.0,
    0.29999999999999993,
    0.0,
    0.9547215496368039,
    0.8759483454398709,
    0.07877320419693301,
    0.9628732849071832,
    0.2,
    0.0,
    2.0,
    1.0,
    0.0,
    0.14999999999999997,
    0.0,
    0.5
  ],
  "std": [
    5.551115123125783e-17,
    1.0,
    1.0,
    1.0,
    1.0,
    1.0,
    1.0,
    1.0,
    1.0,
    1.0,
    1.0,
    1.0,
    1.0,
    5.551115123125783e-17,
    1.0,
    0.20791419455127083,
    0.329640473184079,
    0.29811316146430034,
    0.18907226692255424,
    1.0,
    1.0,
    1.0,
    1.0,
    1.0,
    2.7755575615628914e-17,
    1.0,
    1.0
  ],
  "features": [
    "insider_buy_ratio_30d",
    "insider_buy_volume_30d",
    "insider_sell_volume_30d",
    "insider_net_flow_30d",
    "insider_cluster_score",
    "insider_ownership_change_90d",
    "insider_avg_premium",
    "c_suite_activity_ratio",
    "inst_ownership_pct",
    "inst_ownership_change_1q",
    "inst_new_positions_count",
    "inst_closed_positions_count",
    "inst_avg_position_size_change",
    "inst_concentration_top10",
    "inst_momentum_score",
    "congress_buy_count_90d",
    "congress_sell_count_90d",
    "congress_net_sentiment",
    "congress_recent_activity_7d",
    "hedgefund_top20_exposure",
    "hedgefund_net_change_1q",
    "hedgefund_new_entry_count",
    "hedgefund_exit_count",
    "hedgefund_conviction_score",
    "etf_ownership_pct",
    "etf_flow_30d",
    "etf_concentration"
  ]
}