{
  "mean": [
    0.40804276386905197,
    0.20901739746905987,
    0.382939885227151,
    -0.025102492803087875,
    53.47809556634581,
    237.65010366380045,
    235.68710348611077,
    0.00725005820422444,
    0.01999088931405677,
    0.5562302566848913,
    0.02056187660166761,
    0.02056187660166761,
    5.7846563336062164,
    25.0,
    55.43173089297836,
    -44.56826910702164,
    1.0227651003213512,
    0.04445273489066177,
    1.0556004243192725,
    0.21846957005475137,
    71772.9234689778,
    0.29999999999999993,
    0.005050144817958502,
    0.010098485606661076,
    0.01948442549517434,
    -5.8218265179550624e-05,
    0.00041681197577254697,
    0.017691954352261424,
    0.00041681197577254697,
    0.023052907464214796,
    0.8000000000000002,
    0.0,
    50.0,
    1000.0,
    800.0,
    0.8499999999999998,
    0.0,
    0.0,
    0.0,
    0.6999999999999998,
    0.5,
    0.0,
    0.5,
    20.0,
    0.0
  ],
  "scale": [
    0.32364369490412376,
    0.284932412671656,
    0.31609048084748115,
    0.5728264429416039,
    17.62525329883042,
    304.9601782360439,
    298.25518560325736,
    0.04339403433766231,
    0.0794290945607048,
    0.3330903843074852,
    2.392958356414595,
    2.392958356414595,
    7.92868297154475,
    1.0,
    30.582030529896926,
    30.582030529896926,
    0.33249557168906785,
    0.20609873665649264,
    0.533777245357258,
    0.9025931520340481,
    5163212.118528031,
    1.0,
    0.047020755569400156,
    0.06452160932424801,
    0.09123232118634965,
    0.030236726423449174,
    0.01510775056984462,
    0.009716512671002063,
    0.01510775056984462,
    0.014634970627940912,
    1.0,
    1.0,
    1.0,
    1.0,
    1.0,
    1.0,
    1.0,
    1.0,
    1.0,
    1.0,
    1.0,
    1.0,
    1.0,
    1.0,
    1.0
  ],
  "feature_names": [
    "sentiment_negative",
    "sentiment_neutral",
    "sentiment_positive",
    "sentiment_score",
    "rsi_14",
    "ema_20",
    "sma_50",
    "ema_20_distance",
    "sma_50_distance",
    "bollinger_position",
    "macd_signal",
    "macd_histogram",
    "atr_14",
    "adx_14",
    "stochastic_k",
    "williams_r",
    "volume_ratio_5d",
    "volume_spike",
    "relative_volume",
    "volume_trend",
    "volume_acceleration",
    "dark_pool_ratio",
    "price_momentum_5d",
    "price_momentum_10d",
    "price_momentum_20d",
    "price_acceleration",
    "gap_size",
    "volatility_20d",
    "overnight_return",
    "intraday_range",
    "options_put_call_ratio",
    "options_unusual_activity",
    "options_iv_rank",
    "options_call_volume",
    "options_put_volume",
    "options_oi_put_call",
    "options_gamma_exposure",
    "institutional_net_flow",
    "institutional_block_trades",
    "institutional_ownership_pct",
    "insider_buying_ratio",
    "sector_momentum",
    "spy_correlation",
    "vix_level",
    "sector_relative_strength"
  ],
  "fill_values": [
    0.40804276386905197,
    0.20901739746905987,
    0.382939885227151,
    -0.025102492803087875,
    53.47809556634581,
    237.65010366380045,
    235.68710348611077,
    0.00725005820422444,
    0.019990889314056768,
    0.5562302566848912,
    0.02056187660166761,
    0.02056187660166761,
    5.7846563336062164,
    25.0,
    55.43173089297836,
    -44.56826910702164,
    1.0227651003213512,
    0.04445273489066177,
    1.0556004243192727,
    0.21846957005475137,
    71772.9234689778,
    0.29999999999999993,
    0.005050144817958502,
    0.010098485606661076,
    0.019484425495174335,
    -5.8218265179550624e-05,
    0.00041681197577254697,
    0.017691954352261424,
    0.00041681197577254697,
    0.023052907464214796,
    0.8000000000000002,
    0.0,
    50.0,
    1000.0,
    800.0,
    0.8499999999999998,
    0.0,
    0.0,
    0.0,
    0.6999999999999998,
    0.5,
    0.0,
    0.5,
    20.0,
    0.0
  ]
}