{
  "means": [
    1.2027062288006278,
    0.13106796116504854,
    111142.35553986476,
    1.2368924034053335,
    -667776.9382465424,
    0.0,
    53.894452720636046,
    0.22758639795231506,
    0.22758639795231506,
    0.5656776270774241,
    56.276830543758464,
    25.0,
    5.51323145963188,
    0.008703739981331112,
    0.019999683907823796,
    -43.72316945624153,
    0.006487697226015568,
    0.010828929923733951,
    0.018018671456626337,
    -0.004341232697718383,
    -0.0008334653169364238,
    0.02041838170883989,
    -0.0008334653169364238,
    0.10306837871730869,
    1.0,
    0.0,
    0.0,
    0.0,
    0.0,
    0.0,
    0.0,
    0.0,
    0.0,
    0.0,
    0.0,
    0.0,
    0.0,
    0.0,
    0.0,
    0.0,
    0.0,
    15.0,
    0.6999999999999998,
    0.13962200554178178,
    0.5417347888832966,
    0.31864320511016453
  ],
  "stds": [
    0.3837524724422558,
    0.33747466678416893,
    1945478.2064321274,
    0.6623535044524327,
    2885024.6915273853,
    1.0,
    17.49503741589747,
    2.384885257652355,
    2.384885257652355,
    0.3294640926388761,
    30.952758670098184,
    1.0,
    9.135832501173962,
    0.03579790700808267,
    0.0676347303181847,
    30.952758670098184,
    0.03645844001353527,
    0.05389055735539994,
    0.07842157011821818,
    0.0380157179732347,
    0.010543597269564511,
    0.009719785063906267,
    0.010543597269564511,
    0.09139674965421328,
    1.0,
    1.0,
    1.0,
    1.0,
    1.0,
    1.0,
    1.0,
    1.0,
    1.0,
    1.0,
    1.0,
    1.0,
    1.0,
    1.0,
    1.0,
    1.0,
    1.0,
    1.0,
    1.1102230246251565e-16,
    0.13041515777238605,
    0.40778994822661974,
    0.32290781173787453
  ],
  "feature_names": [
    "volume_ratio_5d",
    "volume_spike",
    "volume_trend_10d",
    "relative_volume",
    "volume_acceleration",
    "dark_pool_ratio",
    "rsi_14",
    "macd_signal",
    "macd_histogram",
    "bollinger_position",
    "stochastic_k",
    "adx_14",
    "atr_14",
    "ema_20_distance",
    "sma_50_distance",
    "williams_r",
    "price_momentum_5d",
    "price_momentum_10d",
    "price_momentum_20d",
    "price_acceleration",
    "gap_percent",
    "intraday_volatility",
    "overnight_return",
    "week_high_distance",
    "put_call_ratio",
    "put_call_ratio_change",
    "unusual_options_activity",
    "options_iv_rank",
    "gamma_exposure",
    "max_pain_distance",
    "options_volume_ratio",
    "institutional_net_flow",
    "block_trade_volume",
    "insider_buying_ratio",
    "ownership_change_30d",
    "news_sentiment_delta",
    "social_momentum",
    "analyst_target_distance",
    "earnings_surprise_impact",
    "sector_momentum_5d",
    "spy_momentum_5d",
    "vix_level",
    "correlation_to_spy_20d",
    "finbert_positive",
    "finbert_neutral",
    "finbert_negative"
  ]
}