{
  "mean": [
    1.0037912093099697,
    0.028064012490242,
    -11132.976627516218,
    0.9949532016061275,
    -23358.904880833365,
    0.0,
    52.24606605151502,
    0.010432069097689038,
    0.010432069097689038,
    0.5309886805178449,
    53.73211661594375,
    25.0,
    5.525158215756496,
    0.0031372504885657723,
    0.010877994888077837,
    -46.26788338405625,
    0.002495976852484071,
    0.004886955902202823,
    0.01028506411689465,
    -0.0023909790497187505,
    0.0002455323056217144,
    0.021800675918532252,
    0.0002455323056217144,
    0.06983089459989993,
    1.0,
    0.0,
    0.0,
    0.0,
    0.0,
    0.0,
    0.0,
    0.0,
    0.0,
    0.0,
    0.0,
    0.0,
    0.0,
    0.0,
    0.0,
    0.0,
    0.0,
    15.0,
    0.6999999999999998
  ],
  "std": [
    0.2889310309194723,
    0.16515575585849115,
    2364536.556256602,
    0.4261378264831216,
    4488103.513739273,
    1.0,
    17.324593913601543,
    2.4733418427427996,
    2.4733418427427996,
    0.32706197745264526,
    30.84177066203151,
    1.0,
    8.396012093498555,
    0.03806233249846309,
    0.06844501613323987,
    30.84177066203151,
    0.04115961413557621,
    0.057423504202142976,
    0.08034589238592046,
    0.04115125786107902,
    0.01129268814339742,
    0.012027734152562202,
    0.01129268814339742,
    0.09120186921502936,
    1.0,
    1.0,
    1.0,
    1.0,
    1.0,
    1.0,
    1.0,
    1.0,
    1.0,
    1.0,
    1.0,
    1.0,
    1.0,
    1.0,
    1.0,
    1.0,
    1.0,
    1.0,
    1.0
  ],
  "feature_names": [
    "volume_ratio_5d",
    "volume_spike",
    "volume_trend_10d",
    "relative_volume",
    "volume_acceleration",
    "dark_pool_ratio",
    "rsi_14",
    "macd_signal",
    "macd_histogram",
    "bollinger_position",
    "stochastic_k",
    "adx_14",
    "atr_14",
    "ema_20_distance",
    "sma_50_distance",
    "williams_r",
    "price_momentum_5d",
    "price_momentum_10d",
    "price_momentum_20d",
    "price_acceleration",
    "gap_percent",
    "intraday_volatility",
    "overnight_return",
    "week_high_distance",
    "put_call_ratio",
    "put_call_ratio_change",
    "unusual_options_activity",
    "options_iv_rank",
    "gamma_exposure",
    "max_pain_distance",
    "options_volume_ratio",
    "institutional_net_flow",
    "block_trade_volume",
    "insider_buying_ratio",
    "ownership_change_30d",
    "news_sentiment_delta",
    "social_momentum",
    "analyst_target_distance",
    "earnings_surprise_impact",
    "sector_momentum_5d",
    "spy_momentum_5d",
    "vix_level",
    "correlation_to_spy_20d"
  ]
}