{
	"version": "1.0.0",
	"algorithm": "Logistic Regression",
	"trainedAt": "2025-10-03T22:08:01.411Z",
	"trainingDataSize": 840,
	"validationDataSize": 105,
	"featureNames": [
		"price_change_5d",
		"price_change_10d",
		"price_change_20d",
		"volume_ratio",
		"volume_trend",
		"sentiment_news_delta",
		"sentiment_reddit_accel",
		"sentiment_options_shift",
		"social_stocktwits_24h_change",
		"social_stocktwits_hourly_momentum",
		"social_stocktwits_7d_trend",
		"social_twitter_24h_change",
		"social_twitter_hourly_momentum",
		"social_twitter_7d_trend",
		"earnings_surprise",
		"revenue_growth_accel",
		"analyst_coverage_change",
		"rsi_momentum",
		"macd_histogram_trend"
	],
	"featureImportance": {
		"price_change_5d": 0.009062436779312209,
		"price_change_10d": 0.030798838422755697,
		"price_change_20d": 0.07058502052940963,
		"volume_ratio": 0.7391158320189096,
		"volume_trend": 0.09294315953865859,
		"sentiment_news_delta": 0,
		"sentiment_reddit_accel": 0,
		"sentiment_options_shift": 0,
		"social_stocktwits_24h_change": 0,
		"social_stocktwits_hourly_momentum": 0,
		"social_stocktwits_7d_trend": 0,
		"social_twitter_24h_change": 0,
		"social_twitter_hourly_momentum": 0,
		"social_twitter_7d_trend": 0,
		"earnings_surprise": 0.01048953739407506,
		"revenue_growth_accel": 0.0022163101464754103,
		"analyst_coverage_change": 0.007776166058312836,
		"rsi_momentum": 0.010623300036543904,
		"macd_histogram_trend": 0.026389399075547246
	},
	"normalizationParams": {
		"mean": [
			0.003747782864572389, 0.005356041457915451, 0.0016122689072358008, 1.0314516373806168,
			307451.60504329065, 0, 0, 0, 0, 0, 0, 0, 0, 0, 5.313143876711207, 0.9398316507040159,
			13.994047619047619, -5.4489540092069175, -0.2978097617286752
		],
		"std": [
			0.04215751744012525, 0.06801910352355553, 0.09356337538209408, 0.2590788625469927,
			2709487.6006982108, 1, 1, 1, 1, 1, 1, 1, 1, 1, 92.8097641264295, 65.65057998796595,
			2.9529989272600847, 13.127052655956417, 1.8206404589334853
		]
	}
}
