{
  "version": "1.0.0",
  "algorithm": "LightGBM Gradient Boosting",
  "trainedAt": "2025-10-02T17:22:32.946018",
  "featureNames": [
    "price_change_5d",
    "price_change_10d",
    "price_change_20d",
    "volume_ratio",
    "volume_trend",
    "sentiment_news_delta",
    "sentiment_reddit_accel",
    "sentiment_options_shift",
    "social_stocktwits_24h_change",
    "social_stocktwits_hourly_momentum",
    "social_stocktwits_7d_trend",
    "social_twitter_24h_change",
    "social_twitter_hourly_momentum",
    "social_twitter_7d_trend",
    "earnings_surprise",
    "revenue_growth_accel",
    "analyst_coverage_change",
    "rsi_momentum",
    "macd_histogram_trend"
  ],
  "featureImportance": {
    "price_change_5d": 0.010744272955311291,
    "price_change_10d": 0.012656185755612389,
    "price_change_20d": 0.007246219657065715,
    "volume_ratio": 0.01963844388713948,
    "volume_trend": 0.02557242293500834,
    "sentiment_news_delta": 0.0,
    "sentiment_reddit_accel": 0.0,
    "sentiment_options_shift": 0.0,
    "social_stocktwits_24h_change": 0.0,
    "social_stocktwits_hourly_momentum": 0.0,
    "social_stocktwits_7d_trend": 0.0,
    "social_twitter_24h_change": 0.0,
    "social_twitter_hourly_momentum": 0.0,
    "social_twitter_7d_trend": 0.0,
    "earnings_surprise": 0.36935547814330755,
    "revenue_growth_accel": 0.012310969960998537,
    "analyst_coverage_change": 0.03906863544779818,
    "rsi_momentum": 0.22501364337135982,
    "macd_histogram_trend": 0.27839372788639877
  },
  "normalizationParams": {
    "mean": [
      0.0073396795820056164,
      0.010240063288665542,
      0.005588649812897554,
      1.0406231890911133,
      250459.20588133897,
      0.0,
      0.0,
      0.0,
      0.0,
      0.0,
      0.0,
      0.0,
      0.0,
      0.0,
      7.8850225654622195,
      -2.422293446675618,
      14.118316268486916,
      -5.680151732429968,
      -0.3480496969072295
    ],
    "std": [
      0.04584982137241337,
      0.07140085057335176,
      0.09423698831719572,
      0.26141667807659474,
      2604849.802521347,
      1.0,
      1.0,
      1.0,
      1.0,
      1.0,
      1.0,
      1.0,
      1.0,
      1.0,
      58.78413195704636,
      45.85954333134348,
      2.664752251113595,
      13.244217153441221,
      1.846129141234584
    ]
  },
  "validationMetrics": {
    "accuracy": 0.9425287356321839,
    "auc": 0.998404255319149,
    "precision": 0.9038461538461539,
    "recall": 1.0,
    "f1": 0.9494949494949495
  }
}