{
  "weights": [
    -0.006017645263044182,
    -0.04983062422706748,
    -0.0312871843535628,
    0.03127824525657397,
    0.15331052713583015,
    0,
    0,
    0,
    0,
    0,
    0,
    0,
    0,
    0,
    0.35775527151131264,
    0.06963067622294591,
    -0.12351497722264652,
    -0.11396334063273508,
    -0.12142533188993093
  ],
  "bias": 0.05275304068259876
}