{
  "weights": [
    -0.10344115770436914,
    -0.16515437073092903,
    -0.025448913032581205,
    -0.0219576198993738,
    -0.004669998703129176,
    0,
    -0.10305825856843695,
    -0.6264234685119429,
    0,
    0,
    -0.19629487894772896,
    -0.038258087161353344,
    -0.031235038139347967
  ],
  "bias": 0.8484521848170573
}