{
	"mean": [
		0.003747782864572389, 0.005356041457915451, 0.0016122689072358008, 1.0314516373806168,
		307451.60504329065, 0, 0, 0, 0, 0, 0, 0, 0, 0, 5.313143876711207, 0.9398316507040159,
		13.994047619047619, -5.4489540092069175, -0.2978097617286752
	],
	"std": [
		0.04215751744012525, 0.06801910352355553, 0.09356337538209408, 0.2590788625469927,
		2709487.6006982108, 1, 1, 1, 1, 1, 1, 1, 1, 1, 92.8097641264295, 65.65057998796595,
		2.9529989272600847, 13.127052655956417, 1.8206404589334853
	]
}
