{
  "mean": [
    0.0073396795820056164,
    0.010240063288665542,
    0.005588649812897554,
    1.0406231890911133,
    250459.20588133897,
    0.0,
    0.0,
    0.0,
    0.0,
    0.0,
    0.0,
    0.0,
    0.0,
    0.0,
    7.8850225654622195,
    -2.422293446675618,
    14.118316268486916,
    -5.680151732429968,
    -0.3480496969072295
  ],
  "std": [
    0.04584982137241337,
    0.07140085057335176,
    0.09423698831719572,
    0.26141667807659474,
    2604849.802521347,
    1.0,
    1.0,
    1.0,
    1.0,
    1.0,
    1.0,
    1.0,
    1.0,
    1.0,
    58.78413195704636,
    45.85954333134348,
    2.664752251113595,
    13.244217153441221,
    1.846129141234584
  ]
}