{
  "mean": [
    0.0037477828645723957,
    0.00535604145791545,
    0.0016122689072358002,
    1.0314516373806184,
    307451.60504329,
    0.0,
    0.0,
    0.0,
    0.0,
    0.0,
    0.0,
    0.0,
    0.0,
    0.0,
    5.3131438767112105,
    0.9398316507040152,
    13.994047619047619,
    -5.4489540092069095,
    -0.29780976172867485,
    0.0,
    0.0,
    0.0,
    0.0,
    0.0,
    0.0,
    0.0,
    0.0,
    0.0,
    0.0,
    0.0,
    0.0,
    0.0,
    0.0,
    0.0
  ],
  "std": [
    0.042157517440125254,
    0.06801910352355553,
    0.09356337538209407,
    0.25907886254699264,
    2709487.6006982108,
    1.0,
    1.0,
    1.0,
    1.0,
    1.0,
    1.0,
    1.0,
    1.0,
    1.0,
    92.80976412642951,
    65.65057998796597,
    2.9529989272600647,
    13.127052655956435,
    1.8206404589334855,
    1.0,
    1.0,
    1.0,
    1.0,
    1.0,
    1.0,
    1.0,
    1.0,
    1.0,
    1.0,
    1.0,
    1.0,
    1.0,
    1.0,
    1.0
  ]
}