{
  "mean": [
    0.0056723760174558656,
    0.007027995993765694,
    0.0029909913360143038,
    1.012539067179813,
    411796.3025061425,
    0.5,
    0.4236638551333288,
    0.4768939942910454,
    0.0,
    0.0,
    14.77027027027027,
    -7.7476323443732475,
    -0.442767595331838
  ],
  "std": [
    0.03983184515000731,
    0.06260699386123213,
    0.08599063432961372,
    0.20671303718174447,
    2854789.2884064973,
    1.0,
    0.19988059891768048,
    0.40550571346051184,
    1.0,
    1.0,
    1.5205555287930692,
    13.116145088239684,
    1.851740345995236
  ]
}