{
  "params": {
    "price_change_5d": {
      "mean": 0.0073396795820056164,
      "stdDev": 0.04584982137241337
    },
    "price_change_10d": {
      "mean": 0.010240063288665542,
      "stdDev": 0.07140085057335176
    },
    "price_change_20d": {
      "mean": 0.005588649812897554,
      "stdDev": 0.09423698831719572
    },
    "volume_ratio": {
      "mean": 1.0406231890911133,
      "stdDev": 0.26141667807659474
    },
    "volume_trend": {
      "mean": 250459.20588133897,
      "stdDev": 2604849.802521347
    },
    "sentiment_news_delta": {
      "mean": 0.0,
      "stdDev": 1.0
    },
    "sentiment_reddit_accel": {
      "mean": 0.0,
      "stdDev": 1.0
    },
    "sentiment_options_shift": {
      "mean": 0.0,
      "stdDev": 1.0
    },
    "social_stocktwits_24h_change": {
      "mean": 0.0,
      "stdDev": 1.0
    },
    "social_stocktwits_hourly_momentum": {
      "mean": 0.0,
      "stdDev": 1.0
    },
    "social_stocktwits_7d_trend": {
      "mean": 0.0,
      "stdDev": 1.0
    },
    "social_twitter_24h_change": {
      "mean": 0.0,
      "stdDev": 1.0
    },
    "social_twitter_hourly_momentum": {
      "mean": 0.0,
      "stdDev": 1.0
    },
    "social_twitter_7d_trend": {
      "mean": 0.0,
      "stdDev": 1.0
    },
    "earnings_surprise": {
      "mean": 7.8850225654622195,
      "stdDev": 58.78413195704636
    },
    "revenue_growth_accel": {
      "mean": -2.422293446675618,
      "stdDev": 45.85954333134348
    },
    "analyst_coverage_change": {
      "mean": 14.118316268486916,
      "stdDev": 2.664752251113595
    },
    "rsi_momentum": {
      "mean": -5.680151732429968,
      "stdDev": 13.244217153441221
    },
    "macd_histogram_trend": {
      "mean": -0.3480496969072295,
      "stdDev": 1.846129141234584
    }
  }
}
