{
  "mean": [
    1.0827416164911763,
    0.0,
    689017.0839826841,
    1.1156758525928587,
    -2024875.29152752,
    0.0,
    50.0,
    0.0,
    0.0,
    0.5,
    50.0,
    25.0,
    0.0,
    0.0,
    0.0,
    -50.0,
    0.004242640356824927,
    0.008353343204125264,
    0.016936739901752186,
    -0.004110702847300326,
    -0.0013851053242086937,
    0.01990935446743365,
    -0.0013851053242086937,
    0.06421156499412996,
    1.0,
    0.0,
    0.0,
    50.0,
    0.0,
    0.0,
    0.0,
    0.0,
    0.0,
    0.5,
    0.0,
    0.0,
    0.0,
    0.0,
    0.0,
    0.0,
    -0.00184322440757649,
    15.0,
    0.7000000000000001
  ],
  "std": [
    0.2663253644417616,
    1.0,
    2692629.2755349902,
    0.4259594599416898,
    4799790.207816247,
    1.0,
    1.0,
    1.0,
    1.0,
    1.0,
    1.0,
    1.0,
    1.0,
    1.0,
    1.0,
    1.0,
    0.039741039089998494,
    0.052362095210736086,
    0.0765223293736323,
    0.04262162151548053,
    0.009336748382037685,
    0.010014529980909778,
    0.009336748382037685,
    0.05424912295453087,
    1.0,
    1.0,
    1.0,
    1.0,
    1.0,
    1.0,
    1.0,
    1.0,
    1.0,
    1.0,
    1.0,
    1.0,
    1.0,
    1.0,
    1.0,
    1.0,
    0.019438077442432377,
    1.0,
    1.0
  ],
  "feature_names": [
    "volume_ratio_5d",
    "volume_spike",
    "volume_trend_10d",
    "relative_volume",
    "volume_acceleration",
    "dark_pool_ratio",
    "rsi_14",
    "macd_signal",
    "macd_histogram",
    "bollinger_position",
    "stochastic_k",
    "adx_14",
    "atr_14",
    "ema_20_distance",
    "sma_50_distance",
    "williams_r",
    "price_momentum_5d",
    "price_momentum_10d",
    "price_momentum_20d",
    "price_acceleration",
    "gap_percent",
    "intraday_volatility",
    "overnight_return",
    "week_high_distance",
    "put_call_ratio",
    "put_call_ratio_change",
    "unusual_options_activity",
    "options_iv_rank",
    "gamma_exposure",
    "max_pain_distance",
    "options_volume_ratio",
    "institutional_net_flow",
    "block_trade_volume",
    "insider_buying_ratio",
    "ownership_change_30d",
    "news_sentiment_delta",
    "social_momentum",
    "analyst_target_distance",
    "earnings_surprise_impact",
    "sector_momentum_5d",
    "spy_momentum_5d",
    "vix_level",
    "correlation_to_spy_20d"
  ]
}